,mean_fit_time,std_fit_time,mean_score_time,std_score_time,param_max_depth,param_n_estimators,params,split0_test_score,split1_test_score,mean_test_score,std_test_score,rank_test_score
0,0.6340429782867432,0.06103873252868652,0.030474543571472168,0.00047838687896728516,30,10,"{'max_depth': 30, 'n_estimators': 10}",-10020.360861535031,-16193.822813911236,-13107.091837723134,3086.7309761881024,1
1,0.7635327577590942,0.00284731388092041,0.04149758815765381,0.0014911890029907227,30,12,"{'max_depth': 30, 'n_estimators': 12}",-10125.97122392877,-16237.462230982255,-13181.716727455512,3055.745503526743,4
2,0.6013537645339966,0.0503617525100708,0.029991507530212402,1.3113021850585938e-06,32,10,"{'max_depth': 32, 'n_estimators': 10}",-10025.724547633381,-16193.68515169239,-13109.704849662885,3083.980302029505,2
3,0.690906286239624,0.011382102966308594,0.03599560260772705,0.0009785890579223633,32,12,"{'max_depth': 32, 'n_estimators': 12}",-10129.919592495971,-16218.79154719496,-13174.355569845466,3044.4359773494944,3
